corpus,session_id
Chintang,1
Chintang,2
Chintang,3
Chintang,4
Chintang,5
Chintang,6
Chintang,7
Chintang,8
Chintang,9
Chintang,10
Chintang,11
Chintang,12
Chintang,13
Chintang,14
Chintang,15
Chintang,16
Chintang,17
Chintang,18
Chintang,19
Chintang,20
Chintang,21
Chintang,22
Chintang,23
Chintang,24
Chintang,25
Chintang,26
Chintang,27
Chintang,28
Chintang,29
Chintang,30
Chintang,31
Chintang,32
Chintang,33
Chintang,34
Chintang,35
Chintang,36
Chintang,37
Chintang,38
Chintang,39
Chintang,40
Chintang,41
Chintang,42
Chintang,43
Chintang,44
Chintang,45
Chintang,46
Chintang,47
Chintang,48
Chintang,49
Chintang,50
Chintang,51
Chintang,52
Chintang,53
Chintang,54
Chintang,55
Chintang,56
Chintang,57
Chintang,58
Chintang,59
Chintang,60
Chintang,61
Chintang,62
Chintang,63
Chintang,64
Chintang,65
Chintang,66
Chintang,67
Chintang,68
Chintang,69
Chintang,70
Chintang,71
Chintang,72
Chintang,73
Chintang,74
Chintang,75
Chintang,76
Chintang,77
Chintang,78
Chintang,79
Chintang,80
Chintang,81
Chintang,82
Chintang,83
Chintang,84
Chintang,85
Chintang,86
Chintang,87
Chintang,88
Chintang,89
Chintang,90
Chintang,91
Chintang,92
Chintang,93
Chintang,94
Chintang,95
Chintang,96
Chintang,97
Chintang,98
Chintang,99
Chintang,100
Chintang,101
Chintang,102
Chintang,103
Chintang,104
Chintang,105
Chintang,106
Chintang,107
Chintang,108
Chintang,109
Chintang,110
Chintang,111
Chintang,112
Chintang,113
Chintang,114
Chintang,115
Chintang,116
Chintang,117
Chintang,118
Chintang,119
Chintang,120
Chintang,121
Chintang,122
Chintang,123
Chintang,124
Chintang,125
Chintang,126
Chintang,127
Chintang,128
Chintang,129
Chintang,130
Chintang,131
Chintang,132
Chintang,133
Chintang,134
Chintang,135
Chintang,136
Chintang,137
Chintang,138
Chintang,139
Chintang,140
Chintang,141
Chintang,142
Chintang,143
Chintang,144
Chintang,145
Chintang,146
Chintang,147
Chintang,148
Chintang,149
Chintang,150
Chintang,151
Chintang,152
Chintang,153
Chintang,154
Chintang,155
Chintang,156
Chintang,157
Chintang,158
Chintang,159
Chintang,160
Chintang,161
Chintang,162
Chintang,163
Chintang,164
Chintang,165
Chintang,166
Chintang,167
Chintang,168
Chintang,169
Chintang,170
Chintang,171
Chintang,172
Chintang,173
Chintang,174
Chintang,175
Chintang,176
Chintang,177
Chintang,178
Chintang,179
Chintang,180
Chintang,181
Chintang,182
Chintang,183
Chintang,184
Chintang,185
Chintang,186
Chintang,187
Chintang,188
Chintang,189
Chintang,190
Chintang,191
Chintang,192
Chintang,193
Chintang,194
Chintang,195
Chintang,196
Chintang,197
Chintang,198
Chintang,199
Chintang,200
Chintang,201
Chintang,202
Chintang,203
Chintang,204
Chintang,205
Chintang,206
Chintang,207
Chintang,208
Chintang,209
Chintang,210
Chintang,211
Chintang,212
Chintang,213
Chintang,214
Chintang,215
Chintang,216
Chintang,217
Chintang,218
Chintang,219
Chintang,220
Chintang,221
Chintang,222
Chintang,223
Chintang,224
Chintang,225
Chintang,226
Chintang,227
Chintang,228
Chintang,229
Chintang,230
Chintang,231
Chintang,232
Chintang,233
Chintang,234
Chintang,235
Chintang,236
Chintang,237
Chintang,238
Chintang,239
Chintang,240
Chintang,241
Chintang,242
Chintang,243
Chintang,244
Chintang,245
Chintang,246
Chintang,247
Chintang,248
Chintang,249
Chintang,250
Chintang,251
Chintang,252
Chintang,253
Chintang,254
Chintang,255
Chintang,256
Chintang,257
Chintang,258
Chintang,259
Chintang,260
Chintang,261
Chintang,262
Chintang,263
Chintang,264
Chintang,265
Chintang,266
Chintang,267
Chintang,268
Chintang,269
Chintang,270
Chintang,271
Chintang,272
Chintang,273
Chintang,274
Chintang,275
Chintang,276
Chintang,277
Chintang,278
Chintang,279
Chintang,280
Chintang,281
Chintang,282
Chintang,283
Chintang,284
Chintang,285
Chintang,286
Chintang,287
Chintang,288
Chintang,289
Chintang,290
Chintang,291
Chintang,292
Chintang,293
Chintang,294
Chintang,295
Chintang,296
Chintang,297
Chintang,298
Chintang,299
Chintang,300
Chintang,301
Chintang,302
Chintang,303
Chintang,304
Chintang,305
Chintang,306
Chintang,307
Chintang,308
Chintang,309
Chintang,310
Chintang,311
Chintang,312
Chintang,313
Chintang,314
Chintang,315
Chintang,316
Chintang,317
Chintang,318
Chintang,319
Chintang,320
Chintang,321
Chintang,322
Chintang,323
Chintang,324
Chintang,325
Chintang,326
Chintang,327
Chintang,328
Chintang,329
Chintang,330
Chintang,331
Chintang,332
Chintang,333
Chintang,334
Chintang,335
Chintang,336
Chintang,337
Chintang,338
Chintang,339
Chintang,340
Chintang,341
Chintang,342
Chintang,343
Chintang,344
Chintang,345
Chintang,346
Chintang,347
Chintang,348
Chintang,349
Chintang,350
Chintang,351
Chintang,352
Chintang,353
Chintang,354
Chintang,355
Chintang,356
Chintang,357
Chintang,358
Chintang,359
Chintang,360
Chintang,361
Chintang,362
Chintang,363
Chintang,364
Chintang,365
Chintang,366
Chintang,367
Chintang,368
Chintang,369
Chintang,370
Chintang,371
Chintang,372
Chintang,373
Chintang,374
Chintang,375
Chintang,376
Chintang,377
Chintang,378
Chintang,379
Chintang,380
Chintang,381
Chintang,382
Chintang,383
Chintang,384
Chintang,385
Chintang,386
Chintang,387
Chintang,388
Chintang,389
Chintang,390
Chintang,391
Chintang,392
Chintang,393
Chintang,394
Chintang,395
Chintang,396
Chintang,397
Chintang,398
Chintang,399
Chintang,400
Chintang,401
Chintang,402
Chintang,403
Chintang,404
Chintang,405
Chintang,406
Chintang,407
Chintang,408
Chintang,409
Chintang,410
Chintang,411
Chintang,412
Chintang,413
Chintang,414
Chintang,415
Chintang,416
Chintang,417
Chintang,418
Chintang,419
Chintang,420
Chintang,421
Chintang,422
Chintang,423
Chintang,424
Chintang,425
Chintang,426
Chintang,427
Chintang,428
Chintang,429
Chintang,430
Chintang,431
Chintang,432
Chintang,433
Chintang,434
Chintang,435
Chintang,436
Chintang,437
Chintang,438
Chintang,439
Chintang,440
Chintang,441
Chintang,442
Chintang,443
Chintang,444
Chintang,445
Chintang,446
Chintang,447
Chintang,448
Chintang,449
Chintang,450
Chintang,451
Chintang,452
Chintang,453
Chintang,454
Chintang,455
Chintang,456
Chintang,457
Chintang,458
Chintang,459
Chintang,460
Chintang,461
Chintang,462
Chintang,463
Chintang,464
Chintang,465
Chintang,466
Chintang,467
Chintang,468
Chintang,469
Chintang,470
Chintang,471
Chintang,472
Chintang,473
Chintang,474
Chintang,475
Chintang,476
Chintang,477
Cree,478
Cree,479
Cree,480
Cree,481
Cree,482
Cree,483
Cree,484
Cree,485
Cree,486
Cree,487
Cree,488
Cree,489
Cree,490
Cree,491
Cree,492
Cree,493
Cree,494
Cree,495
Cree,496
Cree,497
Cree,498
Cree,499
Cree,500
Cree,501
Cree,502
English_Manchester1,503
English_Manchester1,504
English_Manchester1,505
English_Manchester1,506
English_Manchester1,507
English_Manchester1,508
English_Manchester1,509
English_Manchester1,510
English_Manchester1,511
English_Manchester1,512
English_Manchester1,513
English_Manchester1,514
English_Manchester1,515
English_Manchester1,516
English_Manchester1,517
English_Manchester1,518
English_Manchester1,519
English_Manchester1,520
English_Manchester1,521
English_Manchester1,522
English_Manchester1,523
English_Manchester1,524
English_Manchester1,525
English_Manchester1,526
English_Manchester1,527
English_Manchester1,528
English_Manchester1,529
English_Manchester1,530
English_Manchester1,531
English_Manchester1,532
English_Manchester1,533
English_Manchester1,534
English_Manchester1,535
English_Manchester1,536
English_Manchester1,537
English_Manchester1,538
English_Manchester1,539
English_Manchester1,540
English_Manchester1,541
English_Manchester1,542
English_Manchester1,543
English_Manchester1,544
English_Manchester1,545
English_Manchester1,546
English_Manchester1,547
English_Manchester1,548
English_Manchester1,549
English_Manchester1,550
English_Manchester1,551
English_Manchester1,552
English_Manchester1,553
English_Manchester1,554
English_Manchester1,555
English_Manchester1,556
English_Manchester1,557
English_Manchester1,558
English_Manchester1,559
English_Manchester1,560
English_Manchester1,561
English_Manchester1,562
English_Manchester1,563
English_Manchester1,564
English_Manchester1,565
English_Manchester1,566
English_Manchester1,567
English_Manchester1,568
English_Manchester1,569
English_Manchester1,570
English_Manchester1,571
English_Manchester1,572
English_Manchester1,573
English_Manchester1,574
English_Manchester1,575
English_Manchester1,576
English_Manchester1,577
English_Manchester1,578
English_Manchester1,579
English_Manchester1,580
English_Manchester1,581
English_Manchester1,582
English_Manchester1,583
English_Manchester1,584
English_Manchester1,585
English_Manchester1,586
English_Manchester1,587
English_Manchester1,588
English_Manchester1,589
English_Manchester1,590
English_Manchester1,591
English_Manchester1,592
English_Manchester1,593
English_Manchester1,594
English_Manchester1,595
English_Manchester1,596
English_Manchester1,597
English_Manchester1,598
English_Manchester1,599
English_Manchester1,600
English_Manchester1,601
English_Manchester1,602
English_Manchester1,603
English_Manchester1,604
English_Manchester1,605
English_Manchester1,606
English_Manchester1,607
English_Manchester1,608
English_Manchester1,609
English_Manchester1,610
English_Manchester1,611
English_Manchester1,612
English_Manchester1,613
English_Manchester1,614
English_Manchester1,615
English_Manchester1,616
English_Manchester1,617
English_Manchester1,618
English_Manchester1,619
English_Manchester1,620
English_Manchester1,621
English_Manchester1,622
English_Manchester1,623
English_Manchester1,624
English_Manchester1,625
English_Manchester1,626
English_Manchester1,627
English_Manchester1,628
English_Manchester1,629
English_Manchester1,630
English_Manchester1,631
English_Manchester1,632
English_Manchester1,633
English_Manchester1,634
English_Manchester1,635
English_Manchester1,636
English_Manchester1,637
English_Manchester1,638
English_Manchester1,639
English_Manchester1,640
English_Manchester1,641
English_Manchester1,642
English_Manchester1,643
English_Manchester1,644
English_Manchester1,645
English_Manchester1,646
English_Manchester1,647
English_Manchester1,648
English_Manchester1,649
English_Manchester1,650
English_Manchester1,651
English_Manchester1,652
English_Manchester1,653
English_Manchester1,654
English_Manchester1,655
English_Manchester1,656
English_Manchester1,657
English_Manchester1,658
English_Manchester1,659
English_Manchester1,660
English_Manchester1,661
English_Manchester1,662
English_Manchester1,663
English_Manchester1,664
English_Manchester1,665
English_Manchester1,666
English_Manchester1,667
English_Manchester1,668
English_Manchester1,669
English_Manchester1,670
English_Manchester1,671
English_Manchester1,672
English_Manchester1,673
English_Manchester1,674
English_Manchester1,675
English_Manchester1,676
English_Manchester1,677
English_Manchester1,678
English_Manchester1,679
English_Manchester1,680
English_Manchester1,681
English_Manchester1,682
English_Manchester1,683
English_Manchester1,684
English_Manchester1,685
English_Manchester1,686
English_Manchester1,687
English_Manchester1,688
English_Manchester1,689
English_Manchester1,690
English_Manchester1,691
English_Manchester1,692
English_Manchester1,693
English_Manchester1,694
English_Manchester1,695
English_Manchester1,696
English_Manchester1,697
English_Manchester1,698
English_Manchester1,699
English_Manchester1,700
English_Manchester1,701
English_Manchester1,702
English_Manchester1,703
English_Manchester1,704
English_Manchester1,705
English_Manchester1,706
English_Manchester1,707
English_Manchester1,708
English_Manchester1,709
English_Manchester1,710
English_Manchester1,711
English_Manchester1,712
English_Manchester1,713
English_Manchester1,714
English_Manchester1,715
English_Manchester1,716
English_Manchester1,717
English_Manchester1,718
English_Manchester1,719
English_Manchester1,720
English_Manchester1,721
English_Manchester1,722
English_Manchester1,723
English_Manchester1,724
English_Manchester1,725
English_Manchester1,726
English_Manchester1,727
English_Manchester1,728
English_Manchester1,729
English_Manchester1,730
English_Manchester1,731
English_Manchester1,732
English_Manchester1,733
English_Manchester1,734
English_Manchester1,735
English_Manchester1,736
English_Manchester1,737
English_Manchester1,738
English_Manchester1,739
English_Manchester1,740
English_Manchester1,741
English_Manchester1,742
English_Manchester1,743
English_Manchester1,744
English_Manchester1,745
English_Manchester1,746
English_Manchester1,747
English_Manchester1,748
English_Manchester1,749
English_Manchester1,750
English_Manchester1,751
English_Manchester1,752
English_Manchester1,753
English_Manchester1,754
English_Manchester1,755
English_Manchester1,756
English_Manchester1,757
English_Manchester1,758
English_Manchester1,759
English_Manchester1,760
English_Manchester1,761
English_Manchester1,762
English_Manchester1,763
English_Manchester1,764
English_Manchester1,765
English_Manchester1,766
English_Manchester1,767
English_Manchester1,768
English_Manchester1,769
English_Manchester1,770
English_Manchester1,771
English_Manchester1,772
English_Manchester1,773
English_Manchester1,774
English_Manchester1,775
English_Manchester1,776
English_Manchester1,777
English_Manchester1,778
English_Manchester1,779
English_Manchester1,780
English_Manchester1,781
English_Manchester1,782
English_Manchester1,783
English_Manchester1,784
English_Manchester1,785
English_Manchester1,786
English_Manchester1,787
English_Manchester1,788
English_Manchester1,789
English_Manchester1,790
English_Manchester1,791
English_Manchester1,792
English_Manchester1,793
English_Manchester1,794
English_Manchester1,795
English_Manchester1,796
English_Manchester1,797
English_Manchester1,798
English_Manchester1,799
English_Manchester1,800
English_Manchester1,801
English_Manchester1,802
English_Manchester1,803
English_Manchester1,804
English_Manchester1,805
English_Manchester1,806
English_Manchester1,807
English_Manchester1,808
English_Manchester1,809
English_Manchester1,810
English_Manchester1,811
English_Manchester1,812
English_Manchester1,813
English_Manchester1,814
English_Manchester1,815
English_Manchester1,816
English_Manchester1,817
English_Manchester1,818
English_Manchester1,819
English_Manchester1,820
English_Manchester1,821
English_Manchester1,822
English_Manchester1,823
English_Manchester1,824
English_Manchester1,825
English_Manchester1,826
English_Manchester1,827
English_Manchester1,828
English_Manchester1,829
English_Manchester1,830
English_Manchester1,831
English_Manchester1,832
English_Manchester1,833
English_Manchester1,834
English_Manchester1,835
English_Manchester1,836
English_Manchester1,837
English_Manchester1,838
English_Manchester1,839
English_Manchester1,840
English_Manchester1,841
English_Manchester1,842
English_Manchester1,843
English_Manchester1,844
English_Manchester1,845
English_Manchester1,846
English_Manchester1,847
English_Manchester1,848
English_Manchester1,849
English_Manchester1,850
English_Manchester1,851
English_Manchester1,852
English_Manchester1,853
English_Manchester1,854
English_Manchester1,855
English_Manchester1,856
English_Manchester1,857
English_Manchester1,858
English_Manchester1,859
English_Manchester1,860
English_Manchester1,861
English_Manchester1,862
English_Manchester1,863
English_Manchester1,864
English_Manchester1,865
English_Manchester1,866
English_Manchester1,867
English_Manchester1,868
English_Manchester1,869
English_Manchester1,870
English_Manchester1,871
English_Manchester1,872
English_Manchester1,873
English_Manchester1,874
English_Manchester1,875
English_Manchester1,876
English_Manchester1,877
English_Manchester1,878
English_Manchester1,879
English_Manchester1,880
English_Manchester1,881
English_Manchester1,882
English_Manchester1,883
English_Manchester1,884
English_Manchester1,885
English_Manchester1,886
English_Manchester1,887
English_Manchester1,888
English_Manchester1,889
English_Manchester1,890
English_Manchester1,891
English_Manchester1,892
English_Manchester1,893
English_Manchester1,894
English_Manchester1,895
English_Manchester1,896
English_Manchester1,897
English_Manchester1,898
English_Manchester1,899
English_Manchester1,900
English_Manchester1,901
English_Manchester1,902
English_Manchester1,903
English_Manchester1,904
English_Manchester1,905
English_Manchester1,906
English_Manchester1,907
English_Manchester1,908
English_Manchester1,909
English_Manchester1,910
English_Manchester1,911
English_Manchester1,912
English_Manchester1,913
English_Manchester1,914
English_Manchester1,915
English_Manchester1,916
English_Manchester1,917
English_Manchester1,918
English_Manchester1,919
English_Manchester1,920
English_Manchester1,921
English_Manchester1,922
English_Manchester1,923
English_Manchester1,924
English_Manchester1,925
English_Manchester1,926
English_Manchester1,927
English_Manchester1,928
English_Manchester1,929
English_Manchester1,930
English_Manchester1,931
English_Manchester1,932
English_Manchester1,933
English_Manchester1,934
English_Manchester1,935
English_Manchester1,936
English_Manchester1,937
English_Manchester1,938
English_Manchester1,939
English_Manchester1,940
English_Manchester1,941
English_Manchester1,942
English_Manchester1,943
English_Manchester1,944
English_Manchester1,945
English_Manchester1,946
English_Manchester1,947
English_Manchester1,948
English_Manchester1,949
English_Manchester1,950
English_Manchester1,951
English_Manchester1,952
English_Manchester1,953
English_Manchester1,954
English_Manchester1,955
English_Manchester1,956
English_Manchester1,957
English_Manchester1,958
English_Manchester1,959
English_Manchester1,960
English_Manchester1,961
English_Manchester1,962
English_Manchester1,963
English_Manchester1,964
English_Manchester1,965
English_Manchester1,966
English_Manchester1,967
English_Manchester1,968
English_Manchester1,969
English_Manchester1,970
English_Manchester1,971
English_Manchester1,972
English_Manchester1,973
English_Manchester1,974
English_Manchester1,975
English_Manchester1,976
English_Manchester1,977
English_Manchester1,978
English_Manchester1,979
English_Manchester1,980
English_Manchester1,981
English_Manchester1,982
English_Manchester1,983
English_Manchester1,984
English_Manchester1,985
English_Manchester1,986
English_Manchester1,987
English_Manchester1,988
English_Manchester1,989
English_Manchester1,990
English_Manchester1,991
English_Manchester1,992
English_Manchester1,993
English_Manchester1,994
English_Manchester1,995
English_Manchester1,996
English_Manchester1,997
English_Manchester1,998
English_Manchester1,999
English_Manchester1,1000
English_Manchester1,1001
English_Manchester1,1002
English_Manchester1,1003
English_Manchester1,1004
English_Manchester1,1005
English_Manchester1,1006
English_Manchester1,1007
English_Manchester1,1008
English_Manchester1,1009
English_Manchester1,1010
English_Manchester1,1011
English_Manchester1,1012
English_Manchester1,1013
English_Manchester1,1014
English_Manchester1,1015
English_Manchester1,1016
English_Manchester1,1017
English_Manchester1,1018
English_Manchester1,1019
English_Manchester1,1020
English_Manchester1,1021
English_Manchester1,1022
English_Manchester1,1023
English_Manchester1,1024
English_Manchester1,1025
English_Manchester1,1026
English_Manchester1,1027
English_Manchester1,1028
English_Manchester1,1029
English_Manchester1,1030
English_Manchester1,1031
English_Manchester1,1032
English_Manchester1,1033
English_Manchester1,1034
English_Manchester1,1035
English_Manchester1,1036
English_Manchester1,1037
English_Manchester1,1038
English_Manchester1,1039
English_Manchester1,1040
English_Manchester1,1041
English_Manchester1,1042
English_Manchester1,1043
English_Manchester1,1044
English_Manchester1,1045
English_Manchester1,1046
English_Manchester1,1047
English_Manchester1,1048
English_Manchester1,1049
English_Manchester1,1050
English_Manchester1,1051
English_Manchester1,1052
English_Manchester1,1053
English_Manchester1,1054
English_Manchester1,1055
English_Manchester1,1056
English_Manchester1,1057
English_Manchester1,1058
English_Manchester1,1059
English_Manchester1,1060
English_Manchester1,1061
English_Manchester1,1062
English_Manchester1,1063
English_Manchester1,1064
English_Manchester1,1065
English_Manchester1,1066
English_Manchester1,1067
English_Manchester1,1068
English_Manchester1,1069
English_Manchester1,1070
English_Manchester1,1071
English_Manchester1,1072
English_Manchester1,1073
English_Manchester1,1074
English_Manchester1,1075
English_Manchester1,1076
English_Manchester1,1077
English_Manchester1,1078
English_Manchester1,1079
English_Manchester1,1080
English_Manchester1,1081
English_Manchester1,1082
English_Manchester1,1083
English_Manchester1,1084
English_Manchester1,1085
English_Manchester1,1086
English_Manchester1,1087
English_Manchester1,1088
English_Manchester1,1089
English_Manchester1,1090
English_Manchester1,1091
English_Manchester1,1092
English_Manchester1,1093
English_Manchester1,1094
English_Manchester1,1095
English_Manchester1,1096
English_Manchester1,1097
English_Manchester1,1098
English_Manchester1,1099
English_Manchester1,1100
English_Manchester1,1101
English_Manchester1,1102
English_Manchester1,1103
English_Manchester1,1104
English_Manchester1,1105
English_Manchester1,1106
English_Manchester1,1107
English_Manchester1,1108
English_Manchester1,1109
English_Manchester1,1110
English_Manchester1,1111
English_Manchester1,1112
English_Manchester1,1113
English_Manchester1,1114
English_Manchester1,1115
English_Manchester1,1116
English_Manchester1,1117
English_Manchester1,1118
English_Manchester1,1119
English_Manchester1,1120
English_Manchester1,1121
English_Manchester1,1122
English_Manchester1,1123
English_Manchester1,1124
English_Manchester1,1125
English_Manchester1,1126
English_Manchester1,1127
English_Manchester1,1128
English_Manchester1,1129
English_Manchester1,1130
English_Manchester1,1131
English_Manchester1,1132
English_Manchester1,1133
English_Manchester1,1134
English_Manchester1,1135
English_Manchester1,1136
English_Manchester1,1137
English_Manchester1,1138
English_Manchester1,1139
English_Manchester1,1140
English_Manchester1,1141
English_Manchester1,1142
English_Manchester1,1143
English_Manchester1,1144
English_Manchester1,1145
English_Manchester1,1146
English_Manchester1,1147
English_Manchester1,1148
English_Manchester1,1149
English_Manchester1,1150
English_Manchester1,1151
English_Manchester1,1152
English_Manchester1,1153
English_Manchester1,1154
English_Manchester1,1155
English_Manchester1,1156
English_Manchester1,1157
English_Manchester1,1158
English_Manchester1,1159
English_Manchester1,1160
English_Manchester1,1161
English_Manchester1,1162
English_Manchester1,1163
English_Manchester1,1164
English_Manchester1,1165
English_Manchester1,1166
English_Manchester1,1167
English_Manchester1,1168
English_Manchester1,1169
English_Manchester1,1170
English_Manchester1,1171
English_Manchester1,1172
English_Manchester1,1173
English_Manchester1,1174
English_Manchester1,1175
English_Manchester1,1176
English_Manchester1,1177
English_Manchester1,1178
English_Manchester1,1179
English_Manchester1,1180
English_Manchester1,1181
English_Manchester1,1182
English_Manchester1,1183
English_Manchester1,1184
English_Manchester1,1185
English_Manchester1,1186
English_Manchester1,1187
English_Manchester1,1188
English_Manchester1,1189
English_Manchester1,1190
English_Manchester1,1191
English_Manchester1,1192
English_Manchester1,1193
English_Manchester1,1194
English_Manchester1,1195
English_Manchester1,1196
English_Manchester1,1197
English_Manchester1,1198
English_Manchester1,1199
English_Manchester1,1200
English_Manchester1,1201
English_Manchester1,1202
English_Manchester1,1203
English_Manchester1,1204
English_Manchester1,1205
English_Manchester1,1206
English_Manchester1,1207
English_Manchester1,1208
English_Manchester1,1209
English_Manchester1,1210
English_Manchester1,1211
English_Manchester1,1212
English_Manchester1,1213
English_Manchester1,1214
English_Manchester1,1215
English_Manchester1,1216
English_Manchester1,1217
English_Manchester1,1218
English_Manchester1,1219
English_Manchester1,1220
English_Manchester1,1221
English_Manchester1,1222
English_Manchester1,1223
English_Manchester1,1224
English_Manchester1,1225
English_Manchester1,1226
English_Manchester1,1227
English_Manchester1,1228
English_Manchester1,1229
English_Manchester1,1230
English_Manchester1,1231
English_Manchester1,1232
English_Manchester1,1233
English_Manchester1,1234
English_Manchester1,1235
English_Manchester1,1236
English_Manchester1,1237
English_Manchester1,1238
English_Manchester1,1239
English_Manchester1,1240
English_Manchester1,1241
English_Manchester1,1242
English_Manchester1,1243
English_Manchester1,1244
English_Manchester1,1245
English_Manchester1,1246
English_Manchester1,1247
English_Manchester1,1248
English_Manchester1,1249
English_Manchester1,1250
English_Manchester1,1251
English_Manchester1,1252
English_Manchester1,1253
English_Manchester1,1254
English_Manchester1,1255
English_Manchester1,1256
English_Manchester1,1257
English_Manchester1,1258
English_Manchester1,1259
English_Manchester1,1260
English_Manchester1,1261
English_Manchester1,1262
English_Manchester1,1263
English_Manchester1,1264
English_Manchester1,1265
English_Manchester1,1266
English_Manchester1,1267
English_Manchester1,1268
English_Manchester1,1269
English_Manchester1,1270
English_Manchester1,1271
English_Manchester1,1272
English_Manchester1,1273
English_Manchester1,1274
English_Manchester1,1275
English_Manchester1,1276
English_Manchester1,1277
English_Manchester1,1278
English_Manchester1,1279
English_Manchester1,1280
English_Manchester1,1281
English_Manchester1,1282
English_Manchester1,1283
English_Manchester1,1284
English_Manchester1,1285
English_Manchester1,1286
English_Manchester1,1287
English_Manchester1,1288
English_Manchester1,1289
English_Manchester1,1290
English_Manchester1,1291
English_Manchester1,1292
English_Manchester1,1293
English_Manchester1,1294
English_Manchester1,1295
English_Manchester1,1296
English_Manchester1,1297
English_Manchester1,1298
English_Manchester1,1299
English_Manchester1,1300
English_Manchester1,1301
English_Manchester1,1302
English_Manchester1,1303
English_Manchester1,1304
English_Manchester1,1305
English_Manchester1,1306
Indonesian,1307
Indonesian,1308
Indonesian,1309
Indonesian,1310
Indonesian,1311
Indonesian,1312
Indonesian,1313
Indonesian,1314
Indonesian,1315
Indonesian,1316
Indonesian,1317
Indonesian,1318
Indonesian,1319
Indonesian,1320
Indonesian,1321
Indonesian,1322
Indonesian,1323
Indonesian,1324
Indonesian,1325
Indonesian,1326
Indonesian,1327
Indonesian,1328
Indonesian,1329
Indonesian,1330
Indonesian,1331
Indonesian,1332
Indonesian,1333
Indonesian,1334
Indonesian,1335
Indonesian,1336
Indonesian,1337
Indonesian,1338
Indonesian,1339
Indonesian,1340
Indonesian,1341
Indonesian,1342
Indonesian,1343
Indonesian,1344
Indonesian,1345
Indonesian,1346
Indonesian,1347
Indonesian,1348
Indonesian,1349
Indonesian,1350
Indonesian,1351
Indonesian,1352
Indonesian,1353
Indonesian,1354
Indonesian,1355
Indonesian,1356
Indonesian,1357
Indonesian,1358
Indonesian,1359
Indonesian,1360
Indonesian,1361
Indonesian,1362
Indonesian,1363
Indonesian,1364
Indonesian,1365
Indonesian,1366
Indonesian,1367
Indonesian,1368
Indonesian,1369
Indonesian,1370
Indonesian,1371
Indonesian,1372
Indonesian,1373
Indonesian,1374
Indonesian,1375
Indonesian,1376
Indonesian,1377
Indonesian,1378
Indonesian,1379
Indonesian,1380
Indonesian,1381
Indonesian,1382
Indonesian,1383
Indonesian,1384
Indonesian,1385
Indonesian,1386
Indonesian,1387
Indonesian,1388
Indonesian,1389
Indonesian,1390
Indonesian,1391
Indonesian,1392
Indonesian,1393
Indonesian,1394
Indonesian,1395
Indonesian,1396
Indonesian,1397
Indonesian,1398
Indonesian,1399
Indonesian,1400
Indonesian,1401
Indonesian,1402
Indonesian,1403
Indonesian,1404
Indonesian,1405
Indonesian,1406
Indonesian,1407
Indonesian,1408
Indonesian,1409
Indonesian,1410
Indonesian,1411
Indonesian,1412
Indonesian,1413
Indonesian,1414
Indonesian,1415
Indonesian,1416
Indonesian,1417
Indonesian,1418
Indonesian,1419
Indonesian,1420
Indonesian,1421
Indonesian,1422
Indonesian,1423
Indonesian,1424
Indonesian,1425
Indonesian,1426
Indonesian,1427
Indonesian,1428
Indonesian,1429
Indonesian,1430
Indonesian,1431
Indonesian,1432
Indonesian,1433
Indonesian,1434
Indonesian,1435
Indonesian,1436
Indonesian,1437
Indonesian,1438
Indonesian,1439
Indonesian,1440
Indonesian,1441
Indonesian,1442
Indonesian,1443
Indonesian,1444
Indonesian,1445
Indonesian,1446
Indonesian,1447
Indonesian,1448
Indonesian,1449
Indonesian,1450
Indonesian,1451
Indonesian,1452
Indonesian,1453
Indonesian,1454
Indonesian,1455
Indonesian,1456
Indonesian,1457
Indonesian,1458
Indonesian,1459
Indonesian,1460
Indonesian,1461
Indonesian,1462
Indonesian,1463
Indonesian,1464
Indonesian,1465
Indonesian,1466
Indonesian,1467
Indonesian,1468
Indonesian,1469
Indonesian,1470
Indonesian,1471
Indonesian,1472
Indonesian,1473
Indonesian,1474
Indonesian,1475
Indonesian,1476
Indonesian,1477
Indonesian,1478
Indonesian,1479
Indonesian,1480
Indonesian,1481
Indonesian,1482
Indonesian,1483
Indonesian,1484
Indonesian,1485
Indonesian,1486
Indonesian,1487
Indonesian,1488
Indonesian,1489
Indonesian,1490
Indonesian,1491
Indonesian,1492
Indonesian,1493
Indonesian,1494
Indonesian,1495
Indonesian,1496
Indonesian,1497
Indonesian,1498
Indonesian,1499
Indonesian,1500
Indonesian,1501
Indonesian,1502
Indonesian,1503
Indonesian,1504
Indonesian,1505
Indonesian,1506
Indonesian,1507
Indonesian,1508
Indonesian,1509
Indonesian,1510
Indonesian,1511
Indonesian,1512
Indonesian,1513
Indonesian,1514
Indonesian,1515
Indonesian,1516
Indonesian,1517
Indonesian,1518
Indonesian,1519
Indonesian,1520
Indonesian,1521
Indonesian,1522
Indonesian,1523
Indonesian,1524
Indonesian,1525
Indonesian,1526
Indonesian,1527
Indonesian,1528
Indonesian,1529
Indonesian,1530
Indonesian,1531
Indonesian,1532
Indonesian,1533
Indonesian,1534
Indonesian,1535
Indonesian,1536
Indonesian,1537
Indonesian,1538
Indonesian,1539
Indonesian,1540
Indonesian,1541
Indonesian,1542
Indonesian,1543
Indonesian,1544
Indonesian,1545
Indonesian,1546
Indonesian,1547
Indonesian,1548
Indonesian,1549
Indonesian,1550
Indonesian,1551
Indonesian,1552
Indonesian,1553
Indonesian,1554
Indonesian,1555
Indonesian,1556
Indonesian,1557
Indonesian,1558
Indonesian,1559
Indonesian,1560
Indonesian,1561
Indonesian,1562
Indonesian,1563
Indonesian,1564
Indonesian,1565
Indonesian,1566
Indonesian,1567
Indonesian,1568
Indonesian,1569
Indonesian,1570
Indonesian,1571
Indonesian,1572
Indonesian,1573
Indonesian,1574
Indonesian,1575
Indonesian,1576
Indonesian,1577
Indonesian,1578
Indonesian,1579
Indonesian,1580
Indonesian,1581
Indonesian,1582
Indonesian,1583
Indonesian,1584
Indonesian,1585
Indonesian,1586
Indonesian,1587
Indonesian,1588
Indonesian,1589
Indonesian,1590
Indonesian,1591
Indonesian,1592
Indonesian,1593
Indonesian,1594
Indonesian,1595
Indonesian,1596
Indonesian,1597
Indonesian,1598
Indonesian,1599
Indonesian,1600
Indonesian,1601
Indonesian,1602
Indonesian,1603
Indonesian,1604
Indonesian,1605
Indonesian,1606
Indonesian,1607
Indonesian,1608
Indonesian,1609
Indonesian,1610
Indonesian,1611
Indonesian,1612
Indonesian,1613
Indonesian,1614
Indonesian,1615
Indonesian,1616
Indonesian,1617
Indonesian,1618
Indonesian,1619
Indonesian,1620
Indonesian,1621
Indonesian,1622
Indonesian,1623
Indonesian,1624
Indonesian,1625
Indonesian,1626
Indonesian,1627
Indonesian,1628
Indonesian,1629
Indonesian,1630
Indonesian,1631
Indonesian,1632
Indonesian,1633
Indonesian,1634
Indonesian,1635
Indonesian,1636
Indonesian,1637
Indonesian,1638
Indonesian,1639
Indonesian,1640
Indonesian,1641
Indonesian,1642
Indonesian,1643
Indonesian,1644
Indonesian,1645
Indonesian,1646
Indonesian,1647
Indonesian,1648
Indonesian,1649
Indonesian,1650
Indonesian,1651
Indonesian,1652
Indonesian,1653
Indonesian,1654
Indonesian,1655
Indonesian,1656
Indonesian,1657
Indonesian,1658
Indonesian,1659
Indonesian,1660
Indonesian,1661
Indonesian,1662
Indonesian,1663
Indonesian,1664
Indonesian,1665
Indonesian,1666
Indonesian,1667
Indonesian,1668
Indonesian,1669
Indonesian,1670
Indonesian,1671
Indonesian,1672
Indonesian,1673
Indonesian,1674
Indonesian,1675
Indonesian,1676
Indonesian,1677
Indonesian,1678
Indonesian,1679
Indonesian,1680
Indonesian,1681
Indonesian,1682
Indonesian,1683
Indonesian,1684
Indonesian,1685
Indonesian,1686
Indonesian,1687
Indonesian,1688
Indonesian,1689
Indonesian,1690
Indonesian,1691
Indonesian,1692
Indonesian,1693
Indonesian,1694
Indonesian,1695
Indonesian,1696
Indonesian,1697
Indonesian,1698
Indonesian,1699
Indonesian,1700
Indonesian,1701
Indonesian,1702
Indonesian,1703
Indonesian,1704
Indonesian,1705
Indonesian,1706
Indonesian,1707
Indonesian,1708
Indonesian,1709
Indonesian,1710
Indonesian,1711
Indonesian,1712
Indonesian,1713
Indonesian,1714
Indonesian,1715
Indonesian,1716
Indonesian,1717
Indonesian,1718
Indonesian,1719
Indonesian,1720
Indonesian,1721
Indonesian,1722
Indonesian,1723
Indonesian,1724
Indonesian,1725
Indonesian,1726
Indonesian,1727
Indonesian,1728
Indonesian,1729
Indonesian,1730
Indonesian,1731
Indonesian,1732
Indonesian,1733
Indonesian,1734
Indonesian,1735
Indonesian,1736
Indonesian,1737
Indonesian,1738
Indonesian,1739
Indonesian,1740
Indonesian,1741
Indonesian,1742
Indonesian,1743
Indonesian,1744
Indonesian,1745
Indonesian,1746
Indonesian,1747
Indonesian,1748
Indonesian,1749
Indonesian,1750
Indonesian,1751
Indonesian,1752
Indonesian,1753
Indonesian,1754
Indonesian,1755
Indonesian,1756
Indonesian,1757
Indonesian,1758
Indonesian,1759
Indonesian,1760
Indonesian,1761
Indonesian,1762
Indonesian,1763
Indonesian,1764
Indonesian,1765
Indonesian,1766
Indonesian,1767
Indonesian,1768
Indonesian,1769
Indonesian,1770
Indonesian,1771
Indonesian,1772
Indonesian,1773
Indonesian,1774
Indonesian,1775
Indonesian,1776
Indonesian,1777
Indonesian,1778
Indonesian,1779
Indonesian,1780
Indonesian,1781
Indonesian,1782
Indonesian,1783
Indonesian,1784
Indonesian,1785
Indonesian,1786
Indonesian,1787
Indonesian,1788
Indonesian,1789
Indonesian,1790
Indonesian,1791
Indonesian,1792
Indonesian,1793
Indonesian,1794
Indonesian,1795
Indonesian,1796
Indonesian,1797
Indonesian,1798
Indonesian,1799
Indonesian,1800
Indonesian,1801
Indonesian,1802
Indonesian,1803
Indonesian,1804
Indonesian,1805
Indonesian,1806
Indonesian,1807
Indonesian,1808
Indonesian,1809
Indonesian,1810
Indonesian,1811
Indonesian,1812
Indonesian,1813
Indonesian,1814
Indonesian,1815
Indonesian,1816
Indonesian,1817
Indonesian,1818
Indonesian,1819
Indonesian,1820
Indonesian,1821
Indonesian,1822
Indonesian,1823
Indonesian,1824
Indonesian,1825
Indonesian,1826
Indonesian,1827
Indonesian,1828
Indonesian,1829
Indonesian,1830
Indonesian,1831
Indonesian,1832
Indonesian,1833
Indonesian,1834
Indonesian,1835
Indonesian,1836
Indonesian,1837
Indonesian,1838
Indonesian,1839
Indonesian,1840
Indonesian,1841
Indonesian,1842
Indonesian,1843
Indonesian,1844
Indonesian,1845
Indonesian,1846
Indonesian,1847
Indonesian,1848
Indonesian,1849
Indonesian,1850
Indonesian,1851
Indonesian,1852
Indonesian,1853
Indonesian,1854
Indonesian,1855
Indonesian,1856
Indonesian,1857
Indonesian,1858
Indonesian,1859
Indonesian,1860
Indonesian,1861
Indonesian,1862
Indonesian,1863
Indonesian,1864
Indonesian,1865
Indonesian,1866
Indonesian,1867
Indonesian,1868
Indonesian,1869
Indonesian,1870
Indonesian,1871
Indonesian,1872
Indonesian,1873
Indonesian,1874
Indonesian,1875
Indonesian,1876
Indonesian,1877
Indonesian,1878
Indonesian,1879
Indonesian,1880
Indonesian,1881
Indonesian,1882
Indonesian,1883
Indonesian,1884
Indonesian,1885
Indonesian,1886
Indonesian,1887
Indonesian,1888
Indonesian,1889
Indonesian,1890
Indonesian,1891
Indonesian,1892
Indonesian,1893
Indonesian,1894
Indonesian,1895
Indonesian,1896
Indonesian,1897
Indonesian,1898
Indonesian,1899
Indonesian,1900
Indonesian,1901
Indonesian,1902
Indonesian,1903
Indonesian,1904
Indonesian,1905
Indonesian,1906
Indonesian,1907
Indonesian,1908
Indonesian,1909
Indonesian,1910
Indonesian,1911
Indonesian,1912
Indonesian,1913
Indonesian,1914
Indonesian,1915
Indonesian,1916
Indonesian,1917
Indonesian,1918
Indonesian,1919
Indonesian,1920
Indonesian,1921
Indonesian,1922
Indonesian,1923
Indonesian,1924
Indonesian,1925
Indonesian,1926
Indonesian,1927
Indonesian,1928
Indonesian,1929
Indonesian,1930
Indonesian,1931
Indonesian,1932
Indonesian,1933
Indonesian,1934
Indonesian,1935
Indonesian,1936
Indonesian,1937
Indonesian,1938
Indonesian,1939
Indonesian,1940
Indonesian,1941
Indonesian,1942
Indonesian,1943
Indonesian,1944
Indonesian,1945
Indonesian,1946
Indonesian,1947
Indonesian,1948
Indonesian,1949
Indonesian,1950
Indonesian,1951
Indonesian,1952
Indonesian,1953
Indonesian,1954
Indonesian,1955
Indonesian,1956
Indonesian,1957
Indonesian,1958
Indonesian,1959
Indonesian,1960
Indonesian,1961
Indonesian,1962
Indonesian,1963
Indonesian,1964
Indonesian,1965
Indonesian,1966
Indonesian,1967
Indonesian,1968
Indonesian,1969
Indonesian,1970
Indonesian,1971
Indonesian,1972
Indonesian,1973
Indonesian,1974
Indonesian,1975
Indonesian,1976
Indonesian,1977
Indonesian,1978
Indonesian,1979
Indonesian,1980
Indonesian,1981
Indonesian,1982
Indonesian,1983
Indonesian,1984
Indonesian,1985
Indonesian,1986
Indonesian,1987
Indonesian,1988
Indonesian,1989
Indonesian,1990
Indonesian,1991
Indonesian,1992
Indonesian,1993
Indonesian,1994
Indonesian,1995
Indonesian,1996
Indonesian,1997
Indonesian,1998
Indonesian,1999
Indonesian,2000
Indonesian,2001
Indonesian,2002
Indonesian,2003
Indonesian,2004
Indonesian,2005
Indonesian,2006
Indonesian,2007
Indonesian,2008
Indonesian,2009
Indonesian,2010
Indonesian,2011
Indonesian,2012
Indonesian,2013
Indonesian,2014
Indonesian,2015
Indonesian,2016
Indonesian,2017
Indonesian,2018
Indonesian,2019
Indonesian,2020
Indonesian,2021
Indonesian,2022
Indonesian,2023
Indonesian,2024
Indonesian,2025
Indonesian,2026
Indonesian,2027
Indonesian,2028
Indonesian,2029
Indonesian,2030
Indonesian,2031
Indonesian,2032
Indonesian,2033
Indonesian,2034
Indonesian,2035
Indonesian,2036
Indonesian,2037
Indonesian,2038
Indonesian,2039
Indonesian,2040
Indonesian,2041
Indonesian,2042
Indonesian,2043
Indonesian,2044
Indonesian,2045
Indonesian,2046
Indonesian,2047
Indonesian,2048
Indonesian,2049
Indonesian,2050
Indonesian,2051
Indonesian,2052
Indonesian,2053
Indonesian,2054
Indonesian,2055
Indonesian,2056
Indonesian,2057
Indonesian,2058
Indonesian,2059
Indonesian,2060
Indonesian,2061
Indonesian,2062
Indonesian,2063
Indonesian,2064
Indonesian,2065
Indonesian,2066
Indonesian,2067
Indonesian,2068
Indonesian,2069
Indonesian,2070
Indonesian,2071
Indonesian,2072
Indonesian,2073
Indonesian,2074
Indonesian,2075
Indonesian,2076
Indonesian,2077
Indonesian,2078
Indonesian,2079
Indonesian,2080
Indonesian,2081
Indonesian,2082
Indonesian,2083
Indonesian,2084
Indonesian,2085
Indonesian,2086
Indonesian,2087
Indonesian,2088
Indonesian,2089
Indonesian,2090
Indonesian,2091
Indonesian,2092
Indonesian,2093
Indonesian,2094
Indonesian,2095
Indonesian,2096
Indonesian,2097
Indonesian,2098
Indonesian,2099
Indonesian,2100
Indonesian,2101
Indonesian,2102
Indonesian,2103
Indonesian,2104
Indonesian,2105
Indonesian,2106
Indonesian,2107
Indonesian,2108
Indonesian,2109
Indonesian,2110
Indonesian,2111
Indonesian,2112
Indonesian,2113
Indonesian,2114
Indonesian,2115
Indonesian,2116
Indonesian,2117
Indonesian,2118
Indonesian,2119
Indonesian,2120
Indonesian,2121
Indonesian,2122
Indonesian,2123
Indonesian,2124
Indonesian,2125
Indonesian,2126
Indonesian,2127
Indonesian,2128
Indonesian,2129
Indonesian,2130
Indonesian,2131
Indonesian,2132
Indonesian,2133
Indonesian,2134
Indonesian,2135
Indonesian,2136
Indonesian,2137
Indonesian,2138
Indonesian,2139
Indonesian,2140
Indonesian,2141
Indonesian,2142
Indonesian,2143
Indonesian,2144
Indonesian,2145
Indonesian,2146
Indonesian,2147
Indonesian,2148
Indonesian,2149
Indonesian,2150
Indonesian,2151
Indonesian,2152
Indonesian,2153
Indonesian,2154
Indonesian,2155
Indonesian,2156
Indonesian,2157
Indonesian,2158
Indonesian,2159
Indonesian,2160
Indonesian,2161
Indonesian,2162
Indonesian,2163
Indonesian,2164
Indonesian,2165
Indonesian,2166
Indonesian,2167
Indonesian,2168
Indonesian,2169
Indonesian,2170
Indonesian,2171
Indonesian,2172
Indonesian,2173
Indonesian,2174
Indonesian,2175
Indonesian,2176
Indonesian,2177
Indonesian,2178
Indonesian,2179
Indonesian,2180
Indonesian,2181
Indonesian,2182
Indonesian,2183
Indonesian,2184
Indonesian,2185
Indonesian,2186
Indonesian,2187
Indonesian,2188
Indonesian,2189
Indonesian,2190
Indonesian,2191
Indonesian,2192
Indonesian,2193
Indonesian,2194
Indonesian,2195
Indonesian,2196
Indonesian,2197
Indonesian,2198
Indonesian,2199
Indonesian,2200
Indonesian,2201
Indonesian,2202
Indonesian,2203
Indonesian,2204
Indonesian,2205
Indonesian,2206
Indonesian,2207
Indonesian,2208
Indonesian,2209
Indonesian,2210
Indonesian,2211
Indonesian,2212
Indonesian,2213
Indonesian,2214
Indonesian,2215
Indonesian,2216
Indonesian,2217
Indonesian,2218
Indonesian,2219
Indonesian,2220
Indonesian,2221
Indonesian,2222
Indonesian,2223
Indonesian,2224
Indonesian,2225
Indonesian,2226
Indonesian,2227
Indonesian,2228
Indonesian,2229
Indonesian,2230
Indonesian,2231
Indonesian,2232
Indonesian,2233
Indonesian,2234
Indonesian,2235
Indonesian,2236
Indonesian,2237
Indonesian,2238
Indonesian,2239
Indonesian,2240
Indonesian,2241
Indonesian,2242
Indonesian,2243
Indonesian,2244
Indonesian,2245
Indonesian,2246
Indonesian,2247
Indonesian,2248
Indonesian,2249
Indonesian,2250
Indonesian,2251
Indonesian,2252
Indonesian,2253
Indonesian,2254
Indonesian,2255
Indonesian,2256
Indonesian,2257
Indonesian,2258
Indonesian,2259
Indonesian,2260
Indonesian,2261
Indonesian,2262
Indonesian,2263
Indonesian,2264
Indonesian,2265
Indonesian,2266
Indonesian,2267
Indonesian,2268
Indonesian,2269
Indonesian,2270
Indonesian,2271
Indonesian,2272
Indonesian,2273
Indonesian,2274
Indonesian,2275
Indonesian,2276
Indonesian,2277
Indonesian,2278
Indonesian,2279
Indonesian,2280
Indonesian,2281
Indonesian,2282
Indonesian,2283
Indonesian,2284
Indonesian,2285
Indonesian,2286
Indonesian,2287
Indonesian,2288
Indonesian,2289
Indonesian,2290
Indonesian,2291
Indonesian,2292
Indonesian,2293
Indonesian,2294
Indonesian,2295
Indonesian,2296
Indonesian,2297
Indonesian,2298
Indonesian,2299
Indonesian,2300
Indonesian,2301
Indonesian,2302
Indonesian,2303
Inuktitut,2304
Inuktitut,2305
Inuktitut,2306
Inuktitut,2307
Inuktitut,2308
Inuktitut,2309
Inuktitut,2310
Inuktitut,2311
Inuktitut,2312
Inuktitut,2313
Inuktitut,2314
Inuktitut,2315
Inuktitut,2316
Inuktitut,2317
Inuktitut,2318
Inuktitut,2319
Inuktitut,2320
Inuktitut,2321
Inuktitut,2322
Inuktitut,2323
Inuktitut,2324
Inuktitut,2325
Inuktitut,2326
Inuktitut,2327
Inuktitut,2328
Inuktitut,2329
Inuktitut,2330
Inuktitut,2331
Inuktitut,2332
Inuktitut,2333
Inuktitut,2334
Inuktitut,2335
Inuktitut,2336
Inuktitut,2337
Inuktitut,2338
Inuktitut,2339
Inuktitut,2340
Inuktitut,2341
Inuktitut,2342
Inuktitut,2343
Inuktitut,2344
Inuktitut,2345
Inuktitut,2346
Inuktitut,2347
Inuktitut,2348
Inuktitut,2349
Inuktitut,2350
Inuktitut,2351
Inuktitut,2352
Inuktitut,2353
Inuktitut,2354
Inuktitut,2355
Inuktitut,2356
Inuktitut,2357
Inuktitut,2358
Inuktitut,2359
Inuktitut,2360
Inuktitut,2361
Inuktitut,2362
Inuktitut,2363
Inuktitut,2364
Inuktitut,2365
Inuktitut,2366
Inuktitut,2367
Inuktitut,2368
Inuktitut,2369
Inuktitut,2370
Inuktitut,2371
Inuktitut,2372
Inuktitut,2373
Inuktitut,2374
Inuktitut,2375
Inuktitut,2376
Inuktitut,2377
Inuktitut,2378
Inuktitut,2379
Inuktitut,2380
Japanese_MiiPro,2381
Japanese_MiiPro,2382
Japanese_MiiPro,2383
Japanese_MiiPro,2384
Japanese_MiiPro,2385
Japanese_MiiPro,2386
Japanese_MiiPro,2387
Japanese_MiiPro,2388
Japanese_MiiPro,2389
Japanese_MiiPro,2390
Japanese_MiiPro,2391
Japanese_MiiPro,2392
Japanese_MiiPro,2393
Japanese_MiiPro,2394
Japanese_MiiPro,2395
Japanese_MiiPro,2396
Japanese_MiiPro,2397
Japanese_MiiPro,2398
Japanese_MiiPro,2399
Japanese_MiiPro,2400
Japanese_MiiPro,2401
Japanese_MiiPro,2402
Japanese_MiiPro,2403
Japanese_MiiPro,2404
Japanese_MiiPro,2405
Japanese_MiiPro,2406
Japanese_MiiPro,2407
Japanese_MiiPro,2408
Japanese_MiiPro,2409
Japanese_MiiPro,2410
Japanese_MiiPro,2411
Japanese_MiiPro,2412
Japanese_MiiPro,2413
Japanese_MiiPro,2414
Japanese_MiiPro,2415
Japanese_MiiPro,2416
Japanese_MiiPro,2417
Japanese_MiiPro,2418
Japanese_MiiPro,2419
Japanese_MiiPro,2420
Japanese_MiiPro,2421
Japanese_MiiPro,2422
Japanese_MiiPro,2423
Japanese_MiiPro,2424
Japanese_MiiPro,2425
Japanese_MiiPro,2426
Japanese_MiiPro,2427
Japanese_MiiPro,2428
Japanese_MiiPro,2429
Japanese_MiiPro,2430
Japanese_MiiPro,2431
Japanese_MiiPro,2432
Japanese_MiiPro,2433
Japanese_MiiPro,2434
Japanese_MiiPro,2435
Japanese_MiiPro,2436
Japanese_MiiPro,2437
Japanese_MiiPro,2438
Japanese_MiiPro,2439
Japanese_MiiPro,2440
Japanese_MiiPro,2441
Japanese_MiiPro,2442
Japanese_MiiPro,2443
Japanese_MiiPro,2444
Japanese_MiiPro,2445
Japanese_MiiPro,2446
Japanese_MiiPro,2447
Japanese_MiiPro,2448
Japanese_MiiPro,2449
Japanese_MiiPro,2450
Japanese_MiiPro,2451
Japanese_MiiPro,2452
Japanese_MiiPro,2453
Japanese_MiiPro,2454
Japanese_MiiPro,2455
Japanese_MiiPro,2456
Japanese_MiiPro,2457
Japanese_MiiPro,2458
Japanese_MiiPro,2459
Japanese_MiiPro,2460
Japanese_MiiPro,2461
Japanese_MiiPro,2462
Japanese_MiiPro,2463
Japanese_MiiPro,2464
Japanese_MiiPro,2465
Japanese_MiiPro,2466
Japanese_MiiPro,2467
Japanese_MiiPro,2468
Japanese_MiiPro,2469
Japanese_MiiPro,2470
Japanese_MiiPro,2471
Japanese_MiiPro,2472
Japanese_MiiPro,2473
Japanese_MiiPro,2474
Japanese_MiiPro,2475
Japanese_MiiPro,2476
Japanese_MiiPro,2477
Japanese_MiiPro,2478
Japanese_MiiPro,2479
Japanese_MiiPro,2480
Japanese_MiiPro,2481
Japanese_MiiPro,2482
Japanese_MiiPro,2483
Japanese_MiiPro,2484
Japanese_MiiPro,2485
Japanese_MiiPro,2486
Japanese_MiiPro,2487
Japanese_MiiPro,2488
Japanese_MiiPro,2489
Japanese_MiiPro,2490
Japanese_MiiPro,2491
Japanese_MiiPro,2492
Japanese_MiiPro,2493
Japanese_MiiPro,2494
Japanese_MiiPro,2495
Japanese_MiiPro,2496
Japanese_MiiPro,2497
Japanese_MiiPro,2498
Japanese_MiiPro,2499
Japanese_MiiPro,2500
Japanese_MiiPro,2501
Japanese_MiiPro,2502
Japanese_MiiPro,2503
Japanese_MiiPro,2504
Japanese_MiiPro,2505
Japanese_MiiPro,2506
Japanese_MiiPro,2507
Japanese_MiiPro,2508
Japanese_MiiPro,2509
Japanese_MiiPro,2510
Japanese_MiiPro,2511
Japanese_MiiPro,2512
Japanese_MiiPro,2513
Japanese_MiiPro,2514
Japanese_MiiPro,2515
Japanese_MiiPro,2516
Japanese_MiiPro,2517
Japanese_MiiPro,2518
Japanese_MiiPro,2519
Japanese_MiiPro,2520
Japanese_MiiPro,2521
Japanese_MiiPro,2522
Japanese_MiiPro,2523
Japanese_MiiPro,2524
Japanese_MiiPro,2525
Japanese_MiiPro,2526
Japanese_MiiPro,2527
Japanese_MiiPro,2528
Japanese_MiiPro,2529
Japanese_MiiPro,2530
Japanese_MiiPro,2531
Japanese_MiiPro,2532
Japanese_MiiPro,2533
Japanese_MiiPro,2534
Japanese_MiiPro,2535
Japanese_MiiPro,2536
Japanese_MiiPro,2537
Japanese_MiiPro,2538
Japanese_MiiPro,2539
Japanese_MiiPro,2540
Japanese_MiiPro,2541
Japanese_MiiPro,2542
Japanese_MiiPro,2543
Japanese_MiiPro,2544
Japanese_MiiPro,2545
Japanese_MiiPro,2546
Japanese_MiiPro,2547
Japanese_MiiPro,2548
Japanese_MiiPro,2549
Japanese_MiiPro,2550
Japanese_MiiPro,2551
Japanese_MiiPro,2552
Japanese_MiiPro,2553
Japanese_MiiPro,2554
Japanese_MiiPro,2555
Japanese_MiiPro,2556
Japanese_MiiPro,2557
Japanese_MiiPro,2558
Japanese_MiiPro,2559
Japanese_MiiPro,2560
Japanese_MiiPro,2561
Japanese_MiiPro,2562
Japanese_MiiPro,2563
Japanese_MiiPro,2564
Japanese_MiiPro,2565
Japanese_MiiPro,2566
Japanese_MiiPro,2567
Japanese_MiiPro,2568
Japanese_MiiPro,2569
Japanese_MiiPro,2570
Japanese_MiiPro,2571
Japanese_MiiPro,2572
Japanese_Miyata,2573
Japanese_Miyata,2574
Japanese_Miyata,2575
Japanese_Miyata,2576
Japanese_Miyata,2577
Japanese_Miyata,2578
Japanese_Miyata,2579
Japanese_Miyata,2580
Japanese_Miyata,2581
Japanese_Miyata,2582
Japanese_Miyata,2583
Japanese_Miyata,2584
Japanese_Miyata,2585
Japanese_Miyata,2586
Japanese_Miyata,2587
Japanese_Miyata,2588
Japanese_Miyata,2589
Japanese_Miyata,2590
Japanese_Miyata,2591
Japanese_Miyata,2592
Japanese_Miyata,2593
Japanese_Miyata,2594
Japanese_Miyata,2595
Japanese_Miyata,2596
Japanese_Miyata,2597
Japanese_Miyata,2598
Japanese_Miyata,2599
Japanese_Miyata,2600
Japanese_Miyata,2601
Japanese_Miyata,2602
Japanese_Miyata,2603
Japanese_Miyata,2604
Japanese_Miyata,2605
Japanese_Miyata,2606
Japanese_Miyata,2607
Japanese_Miyata,2608
Japanese_Miyata,2609
Japanese_Miyata,2610
Japanese_Miyata,2611
Japanese_Miyata,2612
Japanese_Miyata,2613
Japanese_Miyata,2614
Japanese_Miyata,2615
Japanese_Miyata,2616
Japanese_Miyata,2617
Japanese_Miyata,2618
Japanese_Miyata,2619
Japanese_Miyata,2620
Japanese_Miyata,2621
Japanese_Miyata,2622
Japanese_Miyata,2623
Japanese_Miyata,2624
Japanese_Miyata,2625
Japanese_Miyata,2626
Japanese_Miyata,2627
Japanese_Miyata,2628
Japanese_Miyata,2629
Japanese_Miyata,2630
Japanese_Miyata,2631
Japanese_Miyata,2632
Japanese_Miyata,2633
Japanese_Miyata,2634
Japanese_Miyata,2635
Japanese_Miyata,2636
Japanese_Miyata,2637
Japanese_Miyata,2638
Japanese_Miyata,2639
Japanese_Miyata,2640
Japanese_Miyata,2641
Japanese_Miyata,2642
Japanese_Miyata,2643
Japanese_Miyata,2644
Japanese_Miyata,2645
Japanese_Miyata,2646
Japanese_Miyata,2647
Japanese_Miyata,2648
Japanese_Miyata,2649
Japanese_Miyata,2650
Japanese_Miyata,2651
Japanese_Miyata,2652
Japanese_Miyata,2653
Japanese_Miyata,2654
Japanese_Miyata,2655
Japanese_Miyata,2656
Japanese_Miyata,2657
Japanese_Miyata,2658
Japanese_Miyata,2659
Japanese_Miyata,2660
Japanese_Miyata,2661
Japanese_Miyata,2662
Japanese_Miyata,2663
Japanese_Miyata,2664
Japanese_Miyata,2665
Japanese_Miyata,2666
Japanese_Miyata,2667
Japanese_Miyata,2668
Japanese_Miyata,2669
Japanese_Miyata,2670
Japanese_Miyata,2671
Japanese_Miyata,2672
Japanese_Miyata,2673
Japanese_Miyata,2674
Japanese_Miyata,2675
Japanese_Miyata,2676
Japanese_Miyata,2677
Japanese_Miyata,2678
Japanese_Miyata,2679
Japanese_Miyata,2680
Japanese_Miyata,2681
Japanese_Miyata,2682
Japanese_Miyata,2683
Japanese_Miyata,2684
Japanese_Miyata,2685
Japanese_Miyata,2686
Japanese_Miyata,2687
Japanese_Miyata,2688
Japanese_Miyata,2689
Japanese_Miyata,2690
Japanese_Miyata,2691
Japanese_Miyata,2692
Japanese_Miyata,2693
Japanese_Miyata,2694
Japanese_Miyata,2695
Japanese_Miyata,2696
Japanese_Miyata,2697
Japanese_Miyata,2698
Japanese_Miyata,2699
Japanese_Miyata,2700
Japanese_Miyata,2701
Japanese_Miyata,2702
Japanese_Miyata,2703
Japanese_Miyata,2704
Japanese_Miyata,2705
Japanese_Miyata,2706
Japanese_Miyata,2707
Japanese_Miyata,2708
Japanese_Miyata,2709
Japanese_Miyata,2710
Japanese_Miyata,2711
Japanese_Miyata,2712
Japanese_Miyata,2713
Japanese_Miyata,2714
Japanese_Miyata,2715
Japanese_Miyata,2716
Japanese_Miyata,2717
Japanese_Miyata,2718
Japanese_Miyata,2719
Japanese_Miyata,2720
Japanese_Miyata,2721
Japanese_Miyata,2722
Japanese_Miyata,2723
Japanese_Miyata,2724
Japanese_Miyata,2725
Japanese_Miyata,2726
Japanese_Miyata,2727
Japanese_Miyata,2728
Japanese_Miyata,2729
Japanese_Miyata,2730
Japanese_Miyata,2731
Japanese_Miyata,2732
Japanese_Miyata,2733
Japanese_Miyata,2734
Japanese_Miyata,2735
Japanese_Miyata,2736
Japanese_Miyata,2737
Japanese_Miyata,2738
Japanese_Miyata,2739
Japanese_Miyata,2740
Japanese_Miyata,2741
Japanese_Miyata,2742
Japanese_Miyata,2743
Japanese_Miyata,2744
Japanese_Miyata,2745
Japanese_Miyata,2746
Japanese_Miyata,2747
Japanese_Miyata,2748
Japanese_Miyata,2749
Japanese_Miyata,2750
Japanese_Miyata,2751
Japanese_Miyata,2752
Japanese_Miyata,2753
Japanese_Miyata,2754
Japanese_Miyata,2755
Japanese_Miyata,2756
Japanese_Miyata,2757
Japanese_Miyata,2758
Japanese_Miyata,2759
Japanese_Miyata,2760
Japanese_Miyata,2761
Japanese_Miyata,2762
Japanese_Miyata,2763
Japanese_Miyata,2764
Japanese_Miyata,2765
Japanese_Miyata,2766
Japanese_Miyata,2767
Japanese_Miyata,2768
Japanese_Miyata,2769
Japanese_Miyata,2770
Japanese_Miyata,2771
Japanese_Miyata,2772
Japanese_Miyata,2773
Japanese_Miyata,2774
Japanese_Miyata,2775
Japanese_Miyata,2776
Japanese_Miyata,2777
Japanese_Miyata,2778
Japanese_Miyata,2779
Japanese_Miyata,2780
Japanese_Miyata,2781
Japanese_Miyata,2782
Japanese_Miyata,2783
Japanese_Miyata,2784
Japanese_Miyata,2785
Ku_Waru,2786
Ku_Waru,2787
Ku_Waru,2788
Ku_Waru,2789
Ku_Waru,2790
Ku_Waru,2791
Ku_Waru,2792
Ku_Waru,2793
Ku_Waru,2794
Nungon,2795
Nungon,2796
Nungon,2797
Nungon,2798
Qaqet,2799
Qaqet,2800
Qaqet,2801
Qaqet,2802
Qaqet,2803
Qaqet,2804
Qaqet,2805
Qaqet,2806
Qaqet,2807
Qaqet,2808
Qaqet,2809
Qaqet,2810
Qaqet,2811
Qaqet,2812
Qaqet,2813
Qaqet,2814
Qaqet,2815
Qaqet,2816
Qaqet,2817
Qaqet,2818
Qaqet,2819
Qaqet,2820
Qaqet,2821
Qaqet,2822
Qaqet,2823
Qaqet,2824
Qaqet,2825
Qaqet,2826
Qaqet,2827
Qaqet,2828
Qaqet,2829
Qaqet,2830
Qaqet,2831
Qaqet,2832
Qaqet,2833
Qaqet,2834
Qaqet,2835
Qaqet,2836
Qaqet,2837
Qaqet,2838
Qaqet,2839
Qaqet,2840
Qaqet,2841
Qaqet,2842
Qaqet,2843
Qaqet,2844
Qaqet,2845
Qaqet,2846
Qaqet,2847
Qaqet,2848
Qaqet,2849
Qaqet,2850
Qaqet,2851
Qaqet,2852
Qaqet,2853
Qaqet,2854
Qaqet,2855
Qaqet,2856
Qaqet,2857
Qaqet,2858
Qaqet,2859
Qaqet,2860
Qaqet,2861
Qaqet,2862
Qaqet,2863
Qaqet,2864
Qaqet,2865
Qaqet,2866
Qaqet,2867
Qaqet,2868
Qaqet,2869
Qaqet,2870
Qaqet,2871
Qaqet,2872
Qaqet,2873
Qaqet,2874
Qaqet,2875
Qaqet,2876
Qaqet,2877
Qaqet,2878
Qaqet,2879
Qaqet,2880
Qaqet,2881
Qaqet,2882
Qaqet,2883
Qaqet,2884
Qaqet,2885
Qaqet,2886
Qaqet,2887
Qaqet,2888
Qaqet,2889
Qaqet,2890
Qaqet,2891
Qaqet,2892
Qaqet,2893
Qaqet,2894
Qaqet,2895
Qaqet,2896
Qaqet,2897
Qaqet,2898
Qaqet,2899
Qaqet,2900
Qaqet,2901
Qaqet,2902
Qaqet,2903
Qaqet,2904
Russian,2905
Russian,2906
Russian,2907
Russian,2908
Russian,2909
Russian,2910
Russian,2911
Russian,2912
Russian,2913
Russian,2914
Russian,2915
Russian,2916
Russian,2917
Russian,2918
Russian,2919
Russian,2920
Russian,2921
Russian,2922
Russian,2923
Russian,2924
Russian,2925
Russian,2926
Russian,2927
Russian,2928
Russian,2929
Russian,2930
Russian,2931
Russian,2932
Russian,2933
Russian,2934
Russian,2935
Russian,2936
Russian,2937
Russian,2938
Russian,2939
Russian,2940
Russian,2941
Russian,2942
Russian,2943
Russian,2944
Russian,2945
Russian,2946
Russian,2947
Russian,2948
Russian,2949
Russian,2950
Russian,2951
Russian,2952
Russian,2953
Russian,2954
Russian,2955
Russian,2956
Russian,2957
Russian,2958
Russian,2959
Russian,2960
Russian,2961
Russian,2962
Russian,2963
Russian,2964
Russian,2965
Russian,2966
Russian,2967
Russian,2968
Russian,2969
Russian,2970
Russian,2971
Russian,2972
Russian,2973
Russian,2974
Russian,2975
Russian,2976
Russian,2977
Russian,2978
Russian,2979
Russian,2980
Russian,2981
Russian,2982
Russian,2983
Russian,2984
Russian,2985
Russian,2986
Russian,2987
Russian,2988
Russian,2989
Russian,2990
Russian,2991
Russian,2992
Russian,2993
Russian,2994
Russian,2995
Russian,2996
Russian,2997
Russian,2998
Russian,2999
Russian,3000
Russian,3001
Russian,3002
Russian,3003
Russian,3004
Russian,3005
Russian,3006
Russian,3007
Russian,3008
Russian,3009
Russian,3010
Russian,3011
Russian,3012
Russian,3013
Russian,3014
Russian,3015
Russian,3016
Russian,3017
Russian,3018
Russian,3019
Russian,3020
Russian,3021
Russian,3022
Russian,3023
Russian,3024
Russian,3025
Russian,3026
Russian,3027
Russian,3028
Russian,3029
Russian,3030
Russian,3031
Russian,3032
Russian,3033
Russian,3034
Russian,3035
Russian,3036
Russian,3037
Russian,3038
Russian,3039
Russian,3040
Russian,3041
Russian,3042
Russian,3043
Russian,3044
Russian,3045
Russian,3046
Russian,3047
Russian,3048
Russian,3049
Russian,3050
Russian,3051
Russian,3052
Russian,3053
Russian,3054
Russian,3055
Russian,3056
Russian,3057
Russian,3058
Russian,3059
Russian,3060
Russian,3061
Russian,3062
Russian,3063
Russian,3064
Russian,3065
Russian,3066
Russian,3067
Russian,3068
Russian,3069
Russian,3070
Russian,3071
Russian,3072
Russian,3073
Russian,3074
Russian,3075
Russian,3076
Russian,3077
Russian,3078
Russian,3079
Russian,3080
Russian,3081
Russian,3082
Russian,3083
Russian,3084
Russian,3085
Russian,3086
Russian,3087
Russian,3088
Russian,3089
Russian,3090
Russian,3091
Russian,3092
Russian,3093
Russian,3094
Russian,3095
Russian,3096
Russian,3097
Russian,3098
Russian,3099
Russian,3100
Russian,3101
Russian,3102
Russian,3103
Russian,3104
Russian,3105
Russian,3106
Russian,3107
Russian,3108
Russian,3109
Russian,3110
Russian,3111
Russian,3112
Russian,3113
Russian,3114
Russian,3115
Russian,3116
Russian,3117
Russian,3118
Russian,3119
Russian,3120
Russian,3121
Russian,3122
Russian,3123
Russian,3124
Russian,3125
Russian,3126
Russian,3127
Russian,3128
Russian,3129
Russian,3130
Russian,3131
Russian,3132
Russian,3133
Russian,3134
Russian,3135
Russian,3136
Russian,3137
Russian,3138
Russian,3139
Russian,3140
Russian,3141
Russian,3142
Russian,3143
Russian,3144
Russian,3145
Russian,3146
Russian,3147
Russian,3148
Russian,3149
Russian,3150
Russian,3151
Russian,3152
Russian,3153
Russian,3154
Russian,3155
Russian,3156
Russian,3157
Russian,3158
Russian,3159
Russian,3160
Russian,3161
Russian,3162
Russian,3163
Russian,3164
Russian,3165
Russian,3166
Russian,3167
Russian,3168
Russian,3169
Russian,3170
Russian,3171
Russian,3172
Russian,3173
Russian,3174
Russian,3175
Russian,3176
Russian,3177
Russian,3178
Russian,3179
Russian,3180
Russian,3181
Russian,3182
Russian,3183
Russian,3184
Russian,3185
Russian,3186
Russian,3187
Russian,3188
Russian,3189
Russian,3190
Russian,3191
Russian,3192
Russian,3193
Russian,3194
Russian,3195
Russian,3196
Russian,3197
Russian,3198
Russian,3199
Russian,3200
Russian,3201
Russian,3202
Russian,3203
Russian,3204
Russian,3205
Russian,3206
Russian,3207
Russian,3208
Russian,3209
Russian,3210
Russian,3211
Russian,3212
Russian,3213
Russian,3214
Russian,3215
Russian,3216
Russian,3217
Russian,3218
Russian,3219
Russian,3220
Russian,3221
Russian,3222
Russian,3223
Russian,3224
Russian,3225
Russian,3226
Russian,3227
Russian,3228
Russian,3229
Russian,3230
Russian,3231
Russian,3232
Russian,3233
Russian,3234
Russian,3235
Russian,3236
Russian,3237
Russian,3238
Russian,3239
Russian,3240
Russian,3241
Russian,3242
Russian,3243
Russian,3244
Russian,3245
Russian,3246
Russian,3247
Russian,3248
Russian,3249
Russian,3250
Russian,3251
Russian,3252
Russian,3253
Russian,3254
Russian,3255
Russian,3256
Russian,3257
Russian,3258
Russian,3259
Russian,3260
Russian,3261
Russian,3262
Russian,3263
Russian,3264
Russian,3265
Russian,3266
Russian,3267
Russian,3268
Russian,3269
Russian,3270
Russian,3271
Russian,3272
Russian,3273
Russian,3274
Russian,3275
Russian,3276
Russian,3277
Russian,3278
Russian,3279
Russian,3280
Russian,3281
Russian,3282
Russian,3283
Russian,3284
Russian,3285
Russian,3286
Russian,3287
Russian,3288
Russian,3289
Russian,3290
Russian,3291
Russian,3292
Russian,3293
Russian,3294
Russian,3295
Russian,3296
Russian,3297
Russian,3298
Russian,3299
Russian,3300
Russian,3301
Russian,3302
Russian,3303
Russian,3304
Russian,3305
Russian,3306
Russian,3307
Russian,3308
Russian,3309
Russian,3310
Russian,3311
Russian,3312
Russian,3313
Russian,3314
Russian,3315
Russian,3316
Russian,3317
Russian,3318
Russian,3319
Russian,3320
Russian,3321
Russian,3322
Russian,3323
Russian,3324
Russian,3325
Russian,3326
Russian,3327
Russian,3328
Russian,3329
Russian,3330
Russian,3331
Russian,3332
Russian,3333
Russian,3334
Russian,3335
Russian,3336
Russian,3337
Russian,3338
Russian,3339
Russian,3340
Russian,3341
Russian,3342
Russian,3343
Russian,3344
Russian,3345
Russian,3346
Russian,3347
Russian,3348
Russian,3349
Russian,3350
Russian,3351
Russian,3352
Russian,3353
Russian,3354
Sesotho,3355
Sesotho,3356
Sesotho,3357
Sesotho,3358
Sesotho,3359
Sesotho,3360
Sesotho,3361
Sesotho,3362
Sesotho,3363
Sesotho,3364
Sesotho,3365
Sesotho,3366
Sesotho,3367
Sesotho,3368
Sesotho,3369
Sesotho,3370
Sesotho,3371
Sesotho,3372
Sesotho,3373
Sesotho,3374
Sesotho,3375
Sesotho,3376
Sesotho,3377
Sesotho,3378
Sesotho,3379
Sesotho,3380
Sesotho,3381
Sesotho,3382
Sesotho,3383
Sesotho,3384
Sesotho,3385
Sesotho,3386
Sesotho,3387
Sesotho,3388
Sesotho,3389
Sesotho,3390
Sesotho,3391
Sesotho,3392
Sesotho,3393
Sesotho,3394
Sesotho,3395
Sesotho,3396
Sesotho,3397
Sesotho,3398
Sesotho,3399
Sesotho,3400
Sesotho,3401
Sesotho,3402
Sesotho,3403
Sesotho,3404
Sesotho,3405
Sesotho,3406
Sesotho,3407
Sesotho,3408
Sesotho,3409
Sesotho,3410
Sesotho,3411
Sesotho,3412
Sesotho,3413
Sesotho,3414
Sesotho,3415
Sesotho,3416
Sesotho,3417
Sesotho,3418
Sesotho,3419
Sesotho,3420
Sesotho,3421
Sesotho,3422
Sesotho,3423
Tuatschin,3424
Tuatschin,3425
Tuatschin,3426
Tuatschin,3427
Tuatschin,3428
Tuatschin,3429
Tuatschin,3430
Tuatschin,3431
Tuatschin,3432
Tuatschin,3433
Tuatschin,3434
Tuatschin,3435
Tuatschin,3436
Tuatschin,3437
Tuatschin,3438
Tuatschin,3439
Tuatschin,3440
Tuatschin,3441
Tuatschin,3442
Tuatschin,3443
Tuatschin,3444
Tuatschin,3445
Tuatschin,3446
Tuatschin,3447
Tuatschin,3448
Tuatschin,3449
Tuatschin,3450
Tuatschin,3451
Tuatschin,3452
Tuatschin,3453
Tuatschin,3454
Tuatschin,3455
Tuatschin,3456
Tuatschin,3457
Tuatschin,3458
Tuatschin,3459
Tuatschin,3460
Tuatschin,3461
Tuatschin,3462
Tuatschin,3463
Tuatschin,3464
Tuatschin,3465
Tuatschin,3466
Tuatschin,3467
Tuatschin,3468
Tuatschin,3469
Tuatschin,3470
Tuatschin,3471
Tuatschin,3472
Tuatschin,3473
Tuatschin,3474
Turkish,3475
Turkish,3476
Turkish,3477
Turkish,3478
Turkish,3479
Turkish,3480
Turkish,3481
Turkish,3482
Turkish,3483
Turkish,3484
Turkish,3485
Turkish,3486
Turkish,3487
Turkish,3488
Turkish,3489
Turkish,3490
Turkish,3491
Turkish,3492
Turkish,3493
Turkish,3494
Turkish,3495
Turkish,3496
Turkish,3497
Turkish,3498
Turkish,3499
Turkish,3500
Turkish,3501
Turkish,3502
Turkish,3503
Turkish,3504
Turkish,3505
Turkish,3506
Turkish,3507
Turkish,3508
Turkish,3509
Turkish,3510
Turkish,3511
Turkish,3512
Turkish,3513
Turkish,3514
Turkish,3515
Turkish,3516
Turkish,3517
Turkish,3518
Turkish,3519
Turkish,3520
Turkish,3521
Turkish,3522
Turkish,3523
Turkish,3524
Turkish,3525
Turkish,3526
Turkish,3527
Turkish,3528
Turkish,3529
Turkish,3530
Turkish,3531
Turkish,3532
Turkish,3533
Turkish,3534
Turkish,3535
Turkish,3536
Turkish,3537
Turkish,3538
Turkish,3539
Turkish,3540
Turkish,3541
Turkish,3542
Turkish,3543
Turkish,3544
Turkish,3545
Turkish,3546
Turkish,3547
Turkish,3548
Turkish,3549
Turkish,3550
Turkish,3551
Turkish,3552
Turkish,3553
Turkish,3554
Turkish,3555
Turkish,3556
Turkish,3557
Turkish,3558
Turkish,3559
Turkish,3560
Turkish,3561
Turkish,3562
Turkish,3563
Turkish,3564
Turkish,3565
Turkish,3566
Turkish,3567
Turkish,3568
Turkish,3569
Turkish,3570
Turkish,3571
Turkish,3572
Turkish,3573
Turkish,3574
Turkish,3575
Turkish,3576
Turkish,3577
Turkish,3578
Turkish,3579
Turkish,3580
Turkish,3581
Turkish,3582
Turkish,3583
Turkish,3584
Turkish,3585
Turkish,3586
Turkish,3587
Turkish,3588
Turkish,3589
Turkish,3590
Turkish,3591
Turkish,3592
Turkish,3593
Turkish,3594
Turkish,3595
Turkish,3596
Turkish,3597
Turkish,3598
Turkish,3599
Turkish,3600
Turkish,3601
Turkish,3602
Turkish,3603
Turkish,3604
Turkish,3605
Turkish,3606
Turkish,3607
Turkish,3608
Turkish,3609
Turkish,3610
Turkish,3611
Turkish,3612
Turkish,3613
Turkish,3614
Turkish,3615
Turkish,3616
Turkish,3617
Turkish,3618
Turkish,3619
Turkish,3620
Turkish,3621
Turkish,3622
Turkish,3623
Turkish,3624
Turkish,3625
Turkish,3626
Turkish,3627
Turkish,3628
Turkish,3629
Turkish,3630
Turkish,3631
Turkish,3632
Turkish,3633
Turkish,3634
Turkish,3635
Turkish,3636
Turkish,3637
Turkish,3638
Turkish,3639
Turkish,3640
Turkish,3641
Turkish,3642
Turkish,3643
Turkish,3644
Turkish,3645
Turkish,3646
Turkish,3647
Turkish,3648
Turkish,3649
Turkish,3650
Turkish,3651
Turkish,3652
Turkish,3653
Turkish,3654
Turkish,3655
Turkish,3656
Turkish,3657
Turkish,3658
Turkish,3659
Turkish,3660
Turkish,3661
Turkish,3662
Turkish,3663
Turkish,3664
Turkish,3665
Turkish,3666
Turkish,3667
Turkish,3668
Turkish,3669
Turkish,3670
Turkish,3671
Turkish,3672
Turkish,3673
Turkish,3674
Turkish,3675
Turkish,3676
Turkish,3677
Turkish,3678
Turkish,3679
Turkish,3680
Turkish,3681
Turkish,3682
Turkish,3683
Turkish,3684
Turkish,3685
Turkish,3686
Turkish,3687
Turkish,3688
Turkish,3689
Turkish,3690
Turkish,3691
Turkish,3692
Turkish,3693
Turkish,3694
Turkish,3695
Turkish,3696
Turkish,3697
Turkish,3698
Turkish,3699
Turkish,3700
Turkish,3701
Turkish,3702
Turkish,3703
Turkish,3704
Turkish,3705
Turkish,3706
Turkish,3707
Turkish,3708
Turkish,3709
Turkish,3710
Turkish,3711
Turkish,3712
Turkish,3713
Turkish,3714
Turkish,3715
Turkish,3716
Turkish,3717
Turkish,3718
Turkish,3719
Turkish,3720
Turkish,3721
Turkish,3722
Turkish,3723
Turkish,3724
Turkish,3725
Turkish,3726
Turkish,3727
Turkish,3728
Turkish,3729
Turkish,3730
Turkish,3731
Turkish,3732
Turkish,3733
Turkish,3734
Turkish,3735
Turkish,3736
Turkish,3737
Turkish,3738
Turkish,3739
Turkish,3740
Turkish,3741
Turkish,3742
Turkish,3743
Turkish,3744
Turkish,3745
Turkish,3746
Turkish,3747
Turkish,3748
Turkish,3749
Turkish,3750
Turkish,3751
Turkish,3752
Turkish,3753
Turkish,3754
Turkish,3755
Turkish,3756
Turkish,3757
Turkish,3758
Turkish,3759
Turkish,3760
Turkish,3761
Turkish,3762
Turkish,3763
Turkish,3764
Turkish,3765
Turkish,3766
Turkish,3767
Turkish,3768
Turkish,3769
Turkish,3770
Turkish,3771
Turkish,3772
Turkish,3773
Turkish,3774
Turkish,3775
Turkish,3776
Turkish,3777
Turkish,3778
Turkish,3779
Turkish,3780
Turkish,3781
Turkish,3782
Turkish,3783
Turkish,3784
Turkish,3785
Turkish,3786
Turkish,3787
Turkish,3788
Turkish,3789
Turkish,3790
Turkish,3791
Turkish,3792
Turkish,3793
Turkish,3794
Turkish,3795
Turkish,3796
Turkish,3797
Turkish,3798
Turkish,3799
Turkish,3800
Turkish,3801
Turkish,3802
Turkish,3803
Turkish,3804
Turkish,3805
Turkish,3806
Turkish,3807
Turkish,3808
Turkish,3809
Turkish,3810
Turkish,3811
Turkish,3812
Turkish,3813
Turkish,3814
Turkish,3815
Turkish,3816
Turkish,3817
Turkish,3818
Turkish,3819
Turkish,3820
Turkish,3821
Turkish,3822
Turkish,3823
Turkish,3824
Turkish,3825
Turkish,3826
Turkish,3827
Turkish,3828
Turkish,3829
Turkish,3830
Turkish,3831
Turkish,3832
Turkish,3833
Turkish,3834
Turkish,3835
Turkish,3836
Turkish,3837
Turkish,3838
Turkish,3839
Turkish,3840
Turkish,3841
Turkish,3842
Turkish,3843
Turkish,3844
Turkish,3845
Turkish,3846
Turkish,3847
Yucatec,3848
Yucatec,3849
Yucatec,3850
Yucatec,3851
Yucatec,3852
Yucatec,3853
Yucatec,3854
Yucatec,3855
Yucatec,3856
Yucatec,3857
Yucatec,3858
Yucatec,3859
Yucatec,3860
Yucatec,3861
Yucatec,3862
Yucatec,3863
Yucatec,3864
Yucatec,3865
Yucatec,3866
Yucatec,3867
Yucatec,3868
Yucatec,3869
Yucatec,3870
Yucatec,3871
Yucatec,3872
Yucatec,3873
Yucatec,3874
Yucatec,3875
Yucatec,3876
Yucatec,3877
Yucatec,3878
Yucatec,3879
Yucatec,3880
Yucatec,3881
Yucatec,3882
Yucatec,3883
Yucatec,3884
Yucatec,3885
Yucatec,3886
Yucatec,3887
Yucatec,3888
Yucatec,3889
Yucatec,3890
Yucatec,3891
Yucatec,3892
Yucatec,3893
Yucatec,3894
Yucatec,3895
Yucatec,3896
Yucatec,3897
Yucatec,3898
Yucatec,3899
Yucatec,3900
Yucatec,3901
Yucatec,3902
Yucatec,3903
Yucatec,3904
Yucatec,3905
Yucatec,3906
Yucatec,3907
Yucatec,3908
Yucatec,3909
Yucatec,3910
Yucatec,3911
Yucatec,3912
Yucatec,3913
Yucatec,3914
Yucatec,3915
Yucatec,3916
Yucatec,3917
Yucatec,3918
Yucatec,3919
Yucatec,3920
Yucatec,3921
Yucatec,3922
Yucatec,3923
Yucatec,3924
Yucatec,3925
Yucatec,3926
Yucatec,3927
Yucatec,3928
Yucatec,3929
Yucatec,3930
Yucatec,3931
Yucatec,3932
Yucatec,3933
Yucatec,3934
Yucatec,3935
Yucatec,3936
Yucatec,3937
Yucatec,3938
Yucatec,3939
Yucatec,3940
Yucatec,3941
Yucatec,3942
Yucatec,3943
Yucatec,3944
Yucatec,3945
Yucatec,3946
Yucatec,3947
Yucatec,3948
Yucatec,3949
Yucatec,3950
Yucatec,3951
Yucatec,3952
Yucatec,3953
Yucatec,3954
Yucatec,3955
Yucatec,3956
Yucatec,3957
Yucatec,3958
Yucatec,3959
Yucatec,3960
Yucatec,3961
Yucatec,3962
Yucatec,3963
Yucatec,3964
Yucatec,3965
Yucatec,3966
Yucatec,3967
Yucatec,3968
Yucatec,3969
Yucatec,3970
Yucatec,3971
Yucatec,3972
Yucatec,3973
Yucatec,3974
Yucatec,3975
Yucatec,3976
Yucatec,3977
Yucatec,3978
Yucatec,3979
Yucatec,3980
Yucatec,3981
Yucatec,3982
Yucatec,3983
Yucatec,3984
Yucatec,3985
Yucatec,3986
Yucatec,3987
Yucatec,3988
Yucatec,3989
Yucatec,3990
Yucatec,3991
Yucatec,3992
Yucatec,3993
Yucatec,3994
Yucatec,3995
Yucatec,3996
Yucatec,3997
Yucatec,3998
Yucatec,3999
Yucatec,4000
Yucatec,4001
Yucatec,4002
Yucatec,4003
Yucatec,4004
Yucatec,4005
Yucatec,4006
Yucatec,4007
Yucatec,4008
Yucatec,4009
Yucatec,4010
Yucatec,4011
Yucatec,4012
Yucatec,4013
Yucatec,4014
Yucatec,4015
Yucatec,4016
Yucatec,4017
Yucatec,4018
Yucatec,4019
Yucatec,4020
Yucatec,4021
Yucatec,4022
Yucatec,4023
Yucatec,4024
Yucatec,4025
Yucatec,4026
Yucatec,4027
Yucatec,4028
Yucatec,4029
Yucatec,4030
Yucatec,4031
Yucatec,4032
Yucatec,4033
Yucatec,4034
Yucatec,4035
Yucatec,4036
Yucatec,4037
Yucatec,4038
Yucatec,4039
Yucatec,4040
Yucatec,4041
Yucatec,4042
Yucatec,4043
Yucatec,4044
Yucatec,4045
Yucatec,4046
Yucatec,4047
Yucatec,4048
Yucatec,4049
Yucatec,4050
Yucatec,4051
Yucatec,4052
Yucatec,4053
Yucatec,4054
Yucatec,4055
Yucatec,4056
Yucatec,4057
Yucatec,4058
Yucatec,4059
Yucatec,4060
Yucatec,4061
Yucatec,4062
Yucatec,4063
Yucatec,4064
Yucatec,4065
Yucatec,4066
Yucatec,4067
Yucatec,4068
Yucatec,4069
Yucatec,4070
Yucatec,4071
Yucatec,4072
Yucatec,4073
Yucatec,4074
Yucatec,4075
Yucatec,4076
Yucatec,4077
Yucatec,4078
Yucatec,4079
Yucatec,4080
Yucatec,4081
